"","RSID","CSID","mean"
"4","NOR","NOR",0.343048837453896
"113","PEQ","PEQ",0.412111045482537
"219","SAL","SAL",0.431303150672147
